Application Number,Program Administrator,Program,Incentive Design,Incentive Type,Incentive Step,Incentive Amount,Total Cost,Nameplate Rating,CEC PTC Rating,Design Factor,CSI Rating,Current Incentive Application Status,Cancellation Reason,Host Customer NAICS Code,System Owner Sector,System Owner NAICS Code,Host Customer Sector,Host Customer Physical Address City,Host Customer Physical Address County,Host Customer Physical Address State,Host Customer Physical Zip Code,First New Reservation Request Date,First Online Reservation Request Submitted Date,First Reservation Request Review Date,First Pending RFP Date,First RFP Review (Gov't/Non-Profit only) Date,First Suspended - RFP Review Date,First Reservation Reserved Date,First Online Proof of Project Milestones Submitted Date,First Proof of Project Milestones Review Date,First Suspended - Milestone Review Date,First Suspended - Reservation Review Date,First Confirmed Reservation Date,First Online Incentive Claim Request Submitted Date,First Incentive Claim Request Review Date,First Suspended - Incentive Claim Request Review Date,First Pending Payment Date,First PBI - In Payment Date,First Completed Date,First Withdrawn Date,First Cancelled Date,First Site Transferred Date,First System Removed Date,Solar Contractor Company Name,Contractor License Number,Seller Company Name,3rd Party Owner,PV Module#1 Manufacturer,PV Module#2 Manufacturer,PV Module#3 Manufacturer,PV Module#4 Manufacturer,PV Module#5 Manufacturer,PV Module#6 Manufacturer,PV Module#7 Manufacturer,PV Module#8 Manufacturer,PV Module#9 Manufacturer,PV Module#1 Model,PV Module#2 Model,PV Module#3 Model,PV Module#4 Model,PV Module#5 Model,PV Module#6 Model,PV Module#7 Model,PV Module#8 Model,PV Module#9 Model,PV Module#1 Quantity,PV Module#2 Quantity,PV Module#3 Quantity,PV Module#4 Quantity,PV Module#5 Quantity,PV Module#6 Quantity,PV Module#7 Quantity,PV Module#8 Quantity,PV Module#9 Quantity,Inverter#1 Manufacturer,Inverter#2 Manufacturer,Inverter#3 Manufacturer,Inverter#4 Manufacturer,Inverter#5 Manufacturer,Inverter#6 Manufacturer,Inverter#7 Manufacturer,Inverter#8 Manufacturer,Inverter#9 Manufacturer,Inverter#10 Manufacturer,Inverter#1 Model,Inverter#2 Model,Inverter#3 Model,Inverter#4 Model,Inverter#5 Model,Inverter#6 Model,Inverter#7 Model,Inverter#8 Model,Inverter#9 Model,Inverter#10 Model,Inverter#1 Quantity,Inverter#2 Quantity,Inverter#3 Quantity,Inverter#4 Quantity,Inverter#5 Quantity,Inverter#6 Quantity,Inverter#7 Quantity,Inverter#8 Quantity,Inverter#9 Quantity,Inverter#10 Quantity,Installed Status,Completed/PBI-In Payment Status,Performance Monitoring Provider,PDP Provider,CSI Project Azimuth,CSI Project Tilt,Tracking Type,CEC PTC Rating Fixed,CEC PTC Rating Single-Axis Tracking,CEC PTC Rating Dual-Axis Tracking,CSI Rating Fixed,CSI Rating Single-Axis Tracking,CSI Rating Dual-Axis Tracking,MASH Track 1A Incentive Amount,MASH Track 1B Incentive Amount,MASH Track 2 Incentive Amount,MASH Track 1A % Capacity,MASH Track 1B % Capacity
SD-CSI-03676,CSE,Small Commercial (< 10 kW) and All Residential,$1.55 per Watt EPBB,EPBB,Step 5,5368,0,4,3.469,0.99829,3.463,Cancelled,,,Residential,,Residential,Culver City,Los Angeles,CA,90232,9/11/2009,9/11/2009,,,,,,,,,,,,,,,,,,5/24/2011,,,Contact Electric,847208,Contact Electric,no,Evergreen Solar,,,,,,,,,ES-A-200-fa2,,,,,,,,,20,,,,,,,,,Solectria Renewables,,,,,,,,,,PVI 4000 (240V),,,,,,,,,,1,,,,,,,,,,Delisted,Delisted,,,250,18,Fixed Array,3.469,0,0,3.464,0,0,,,,,
SD-CSI-03095,CSE,Small Commercial (< 10 kW) and All Residential,$1.55 per Watt EPBB,EPBB,Step 5,3446,0,2.816,2.286,0.97227,2.223,Cancelled,8/4/09 - Project is in SCE territory. Sent application packet back to Applicant.  TO,,Residential,,Residential,Downey,Los Angeles,CA,90242,6/29/2009,6/30/2009,7/9/2009,,,,,,,,7/13/2009,,,,,,,,,8/4/2009,,,,,,yes,Sharp,,,,,,,,,ND-176U1Y,,,,,,,,,16,,,,,,,,,PV Powered,,,,,,,,,,PVP2800,,,,,,,,,,1,,,,,,,,,,Delisted,Delisted,,,180,15,Fixed Array,2.286,0,0,2.223,0,0,,,,,
SD-CSI-03362,CSE,Small Commercial (< 10 kW) and All Residential,$1.55 per Watt EPBB,EPBB,Step 5,6767,0,5.6,4.535,0.96274,4.366,Cancelled,,,Residential,,Residential,Gardena,Los Angeles,CA,90249,8/12/2009,8/12/2009,,,,,,,,,,,,,,,,,,5/24/2011,,,SEE Systems,422405,SEE Systems,no,Suntech Power,,,,,,,,,STP200-18/UB-1,,,,,,,,,28,,,,,,,,,SMA America,,,,,,,,,,SB6000U (240V),,,,,,,,,,1,,,,,,,,,,Delisted,Delisted,,,180,30,Fixed Array,4.535,0,0,4.366,0,0,,,,,
SD-CSI-03355,CSE,Small Commercial (< 10 kW) and All Residential,"98.184% @ $1.55, 1.816% @ $1.10 per Watt EPBB",EPBB,"98.184% @ Step 5, 1.816% @ Step 6",2424,22541.08,2,1.585,0.99176,1.572,Cancelled,Project expired. DA,,Residential,,Residential,Rancho Palos Verdes,Los Angeles,CA,90275,8/12/2009,8/12/2009,8/19/2009,,,,,,,,8/21/2009,9/10/2009,10/22/2009,,,,,,,1/26/2011,,,SEE Systems,422405,SEE Systems,no,Suntech Power,,,,,,,,,STP200-18/UB-1,,,,,,,,,10,,,,,,,,,PV Powered,,,,,,,,,,PVP2000,,,,,,,,,,1,,,,,,,,,,Delisted,Delisted,,,236,17,Fixed Array,1.585,0,0,1.572,0,0,,,,,
SD-CSI-01400,CSE,Small Commercial (< 10 kW) and All Residential,$2.20 per Watt EPBB,EPBB,Step 3,7946,35180.5,4.368,3.695,0.97758,3.612,Cancelled,,,Residential,,Residential,La Mirada,Los Angeles,CA,90638,6/17/2008,8/13/2008,,,,,,,,,,,,,,,,,,2/25/2010,,,,,,no,Sharp,,,,,,,,,ND-208U1F,,,,,,,,,21,,,,,,,,,PV Powered,,,,,,,,,,PVP4800,,,,,,,,,,1,,,,,,,,,,Delisted,Delisted,,,180,30,Fixed Array,3.695,0,0,3.612,0,0,,,,,
SD-CSI-03673,CSE,Small Commercial (< 10 kW) and All Residential,$1.55 per Watt EPBB,EPBB,Step 5,2488,0,2,1.69,0.94962,1.605,Cancelled,,,Residential,,Residential,Seal Beach,Orange,CA,90740,9/11/2009,9/11/2009,,,,,,,,,,,,,,,,,,5/24/2011,,,Contact Electric,847208,Contact Electric,no,Evergreen Solar,,,,,,,,,ES-A-200-fa2,,,,,,,,,10,,,,,,,,,Fronius USA,,,,,,,,,,IG 2000 NEG,,,,,,,,,,1,,,,,,,,,,Delisted,Delisted,,,180,30,Fixed Array,1.69,0,0,1.604,0,0,,,,,
SD-CSI-03124,CSE,Small Commercial (< 10 kW) and All Residential,$1.55 per Watt EPBB,EPBB,Step 5,0,0,,,0.94114,,Cancelled,,,Residential,,Residential,Long Beach,Los Angeles,CA,90808,6/30/2009,6/30/2009,,,,,,,,,,,,,,,,,,5/24/2011,,,"Akeena Solar, Inc.",805773,"Akeena Solar, Inc.",no,,,,,,,,,,,,,,,,,,,,,,,,,,,,Enphase Energy,,,,,,,,,,M190-72-240-S12,,,,,,,,,,1,,,,,,,,,,Delisted,Delisted,,,,,,0,0,0,0,0,0,,,,,
SD-CSI-03358,CSE,Small Commercial (< 10 kW) and All Residential,$1.55 per Watt EPBB,EPBB,Step 5,2429,7200,1.98,1.599,0.98,1.567,Cancelled,,,Residential,,Residential,Arcadia,Los Angeles,CA,91006,8/10/2009,8/12/2009,,,,,,,,,,,,,,,,,,5/24/2011,,,SunGreen Systems,935910,SunGreen Systems,no,Ligitek Photovoltaic,,,,,,,,,LM220BB00,,,,,,,,,9,,,,,,,,,Powercom,,,,,,,,,,SLK-4000 (240V),,,,,,,,,,1,,,,,,,,,,Delisted,Delisted,,,180,0,Fixed Array,1.599,0,0,1.567,0,0,,,,,
SD-CSI-02508,CSE,Small Commercial (< 10 kW) and All Residential,$1.90 per Watt EPBB,EPBB,Step 4,8962,25000,6.3,4.863,0.97,4.717,Cancelled,,,Residential,,Residential,La Canada,Los Angeles,CA,91011,5/1/2009,5/1/2009,,,,,,,,,,,,,,,,,,5/24/2011,,,,,,no,Solartech Power,,,,,,,,,SPM210P,,,,,,,,,30,,,,,,,,,Beacon Power,,,,,,,,,,M5 Plus,,,,,,,,,,1,,,,,,,,,,Delisted,Delisted,,,180,30,Fixed Array,4.863,0,0,4.717,0,0,,,,,
SD-CSI-03679,CSE,Small Commercial (< 10 kW) and All Residential,$1.55 per Watt EPBB,EPBB,Step 5,2895,0,2.2,1.868,1,1.868,Cancelled,,,Residential,,Residential,Sunland,Los Angeles,CA,91040,9/11/2009,9/11/2009,,,,,,,,,,,,,,,,,,5/24/2011,,,Contact Electric,847208,Contact Electric,no,Evergreen Solar,,,,,,,,,ES-A-200-fa2,,,,,,,,,11,,,,,,,,,Fronius USA,,,,,,,,,,IG 3000 NEG,,,,,,,,,,1,,,,,,,,,,Delisted,Delisted,,,180,30,Fixed Array,1.868,0,0,1.868,0,0,,,,,
SD-CSI-03677,CSE,Small Commercial (< 10 kW) and All Residential,$1.55 per Watt EPBB,EPBB,Step 5,4013,0,3,2.589,1,2.589,Cancelled,,,Residential,,Residential,Sylmar,Los Angeles,CA,91342,9/11/2009,9/11/2009,,,,,,,,,,,,,,,,,,5/24/2011,,,Contact Electric,847208,Contact Electric,no,Evergreen Solar,,,,,,,,,ES-A-200-fa2,,,,,,,,,15,,,,,,,,,SMA America,,,,,,,,,,SB3000US (240V),,,,,,,,,,1,,,,,,,,,,Delisted,Delisted,,,225,30,Fixed Array,2.589,0,0,2.589,0,0,,,,,
SD-CSI-03678,CSE,Small Commercial (< 10 kW) and All Residential,$1.55 per Watt EPBB,EPBB,Step 5,4013,0,3,2.589,1,2.589,Cancelled,,,Residential,,Residential,Sylmar,Los Angeles,CA,91342,9/11/2009,9/11/2009,,,,,,,,,,,,,,,,,,5/24/2011,,,Contact Electric,847208,Contact Electric,no,Evergreen Solar,,,,,,,,,ES-A-200-fa2,,,,,,,,,15,,,,,,,,,SMA America,,,,,,,,,,SB3000US (240V),,,,,,,,,,1,,,,,,,,,,Delisted,Delisted,,,180,30,Fixed Array,2.589,0,0,2.589,0,0,,,,,
SD-CSI-05190,CSE,Small Commercial (< 10 kW) and All Residential,$1.10 per Watt EPBB,EPBB,Step 6,6568,60005,7.755,6.672,0.89496,5.971,Cancelled,,,Residential,,Residential,Rancho Cucamonga,San Bernardino,CA,91701,2/8/2010,2/8/2010,,,,,,,,,,,,,,,,,,5/25/2011,,,Connector Electric,557928,Connector Electric,no,Sharp,,,,,,,,,NU-U235F1,,,,,,,,,33,,,,,,,,,SMA America,,,,,,,,,,SB7000US (208V),,,,,,,,,,1,,,,,,,,,,Delisted,Delisted,,,90,17,Fixed Array,6.672,0,0,5.971,0,0,,,,,
SD-CSI-04839,CSE,Small Commercial (< 10 kW) and All Residential,$1.10 per Watt EPBB,EPBB,Step 6,8403,84559.84,9.87,8.536,0.8949,7.639,Cancelled,,,Residential,,Residential,Rancho Cucamonga,San Bernardino,CA,91701,11/19/2009,12/12/2009,,,,,,,,,,,,,,,,,,5/25/2011,,,Connector Electric,557928,,no,Sharp,,,,,,,,,NU-U235F1,,,,,,,,,42,,,,,,,,,PV Powered,,,,,,,,,,PVP4800,,,,,,,,,,2,,,,,,,,,,Delisted,Delisted,,,90,17,Fixed Array,8.536,0,0,7.639,0,0,,,,,
SD-CSI-03112,CSE,Small Commercial (< 10 kW) and All Residential,$1.55 per Watt EPBB,EPBB,Step 5,7834,31116,5.94,5.054,1,5.054,Cancelled,,,Residential,,Residential,Walnut,Los Angeles,CA,91789,6/30/2009,6/30/2009,,,,,,,,,,,,,,,,,,5/24/2011,,,,,,no,Isofoton,,,,,,,,,IS-220/32,,,,,,,,,27,,,,,,,,,PV Powered,,,,,,,,,,PVP5200,,,,,,,,,,1,,,,,,,,,,Delisted,Delisted,,,180,30,Fixed Array,5.054,0,0,5.054,0,0,,,,,
SD-CSI-06441,CSE,Small Commercial (< 10 kW) and All Residential,$0.65 per Watt EPBB,EPBB,Step 7,6095,67740,11.04,9.723,0.96438,9.377,Completed,,,Residential,,Residential,Alpine,San Diego,CA,91901,5/20/2010,6/8/2010,6/8/2010,,,,,,,,6/10/2010,6/11/2010,7/1/2010,7/1/2010,,8/5/2010,,9/3/2010,,,,,Catalano Electric,823858,Catalano Electric,no,Canadian Solar,,,,,,,,,CS6P-230P,,,,,,,,,48,,,,,,,,,Fronius USA,,,,,,,,,,IG Plus 11.4-240,,,,,,,,,,1,,,,,,,,,,Installed,Completed/PBI-In Payment,,,137,11,Fixed Array,9.723,0,0,9.377,0,0,,,,,
SD-CSI-02825,CSE,Small Commercial (< 10 kW) and All Residential,$1.90 per Watt EPBB,EPBB,Step 4,13051,59235.4,8.36,6.902,0.9952,6.869,Completed,,,Residential,,Residential,Alpine,San Diego,CA,91901,6/9/2009,6/11/2009,6/15/2009,,,,,,,,,6/24/2009,9/15/2009,9/17/2009,,10/22/2009,,12/1/2009,,,,,"Global Resource Options, Inc. DBA GroSolar",905438,"Global Resource Options, Inc. DBA GroSolar",no,Evergreen Solar,,,,,,,,,ES-B-190-fb1,,,,,,,,,44,,,,,,,,,Motech Industries,,,,,,,,,,PVMate 3900U (240V),,,,,,,,,,2,,,,,,,,,,Installed,Completed/PBI-In Payment,,,212,15,Fixed Array,6.902,0,0,6.869,0,0,,,,,
SD-CSI-05695,CSE,Small Commercial (< 10 kW) and All Residential,$1.10 per Watt EPBB,EPBB,Step 6,9134,52868.83,9.45,8.308,0.99953,8.304,Completed,,,Residential,,Residential,Alpine,San Diego,CA,91901,3/22/2010,3/22/2010,3/24/2010,,,,,,,,,4/14/2010,6/14/2010,6/15/2010,,6/25/2010,,7/21/2010,,,,,Alternative Energy Technologies,852243,Alternative Energy Technologies,no,SunPower,,,,,,,,,SPR-315E-WHT-D,,,,,,,,,30,,,,,,,,,SunPower,,,,,,,,,,SPR-5000m (240V),,,,,,,,,,2,,,,,,,,,,Installed,Completed/PBI-In Payment,,,218,21,Fixed Array,8.308,0,0,8.305,0,0,,,,,
SD-CSI-04392,CSE,Small Commercial (< 10 kW) and All Residential,$1.10 per Watt EPBB,EPBB,Step 6,6516,48715.94,7.095,6.193,0.9566,5.924,Completed,,,Residential,,Residential,Alpine,San Diego,CA,91901,10/28/2009,10/28/2009,10/29/2009,,,,,,,,,11/15/2009,12/17/2009,12/17/2009,,1/11/2010,,2/1/2010,,,,,"Sequoia Solar, Inc.",913373,"Sequoia Solar, Inc.",no,SunPower,,,,,,,,,SPR-215-WHT-U,,,,,,,,,33,,,,,,,,,SunPower,,,,,,,,,,SPR-7000m (240V),,,,,,,,,,1,,,,,,,,,,Installed,Completed/PBI-In Payment,"SunPower Corporation, Systems (Richmond)",,180,19,Fixed Array,6.193,0,0,5.925,0,0,,,,,
SD-CSI-02413,CSE,Small Commercial (< 10 kW) and All Residential,$1.90 per Watt EPBB,EPBB,Step 4,13488,62468.51,8.424,7.132,0.99542,7.099,Completed,,,Residential,,Residential,Alpine,San Diego,CA,91901,4/13/2009,4/15/2009,4/20/2009,,,,,,,,,4/29/2009,6/4/2009,6/4/2009,,7/9/2009,,7/27/2009,,,,,"Sequoia Solar, Inc.",913373,"Sequoia Solar, Inc.",no,Sharp,,,,,,,,,ND-216UC1,,,,,,,,,39,,,,,,,,,SMA America,,,,,,,,,,SB7000US (240V),,,,,,,,,,1,,,,,,,,,,Installed,Completed/PBI-In Payment,,,220,25,Fixed Array,7.132,0,0,7.1,0,0,,,,,
SD-CSI-01584,CSE,Small Commercial (< 10 kW) and All Residential,$2.20 per Watt EPBB,EPBB,Step 3,19166,77976,10.368,8.733,0.99757,8.712,Completed,,,Residential,,Residential,Alpine,San Diego,CA,91901,,,9/15/2008,,,,,,,,,9/26/2008,,4/1/2009,,4/14/2009,,5/6/2009,,,,,Sullivan Solar Power,839077,Sullivan Solar Power,no,Sharp,,,,,,,,,ND-216U2,,,,,,,,,48,,,,,,,,,SMA America,,,,,,,,,,SB5000US (240V),,,,,,,,,,1,,,,,,,,,,Installed,Completed/PBI-In Payment,Fat Spaniel Technologies; a Power-One Brand,,185,13,Fixed Array,8.733,0,0,8.711,0,0,,,,,
SD-CSI-07968,CSE,Small Commercial (< 10 kW) and All Residential,$0.35 per Watt EPBB,EPBB,Step 8a,1521,21763.35,5.2,4.397,0.98823,4.345,Completed,,,Residential,,Residential,Alpine,San Diego,CA,91901,10/29/2010,,12/1/2010,,,,,,,,12/16/2010,12/17/2010,,11/10/2011,,11/23/2011,,11/30/2011,,,,,Hawkins Construction Inc.,732952,City Electric Supply,no,Solar Power Industries,,,,,,,,,SPI-M200-60,,,,,,,,,26,,,,,,,,,SMA America,,,,,,,,,,SB5000US (240V),,,,,,,,,,1,,,,,,,,,,Installed,Completed/PBI-In Payment,,,206,9,Fixed Array,4.397,0,0,4.346,0,0,,,,,
SD-CSI-07878,CSE,Small Commercial (< 10 kW) and All Residential,$0.35 per Watt EPBB,EPBB,Step 8a,1549,45007.2,5.64,4.79,0.923948234,4.426,Completed,,,Residential,,Residential,Alpine,San Diego,CA,91901,11/15/2010,11/15/2010,11/15/2010,,,,,,,,,11/23/2010,,7/6/2011,7/20/2011,7/20/2011,,8/3/2011,,,,,SolarCity,888104,SolarCity,yes,Yingli Energy (China),,,,,,,,,YL235P-29b,,,,,,,,,24,,,,,,,,,Fronius USA,,,,,,,,,,IG 5100 NEG,,,,,,,,,,1,,,,,,,,,,Installed,Completed/PBI-In Payment,,,Multiple,27,Fixed Array,4.79,0,0,4.426,0,0,,,,,
SD-CSI-09771,CSE,Small Commercial (< 10 kW) and All Residential,$0.35 per Watt EPBB,EPBB,Step 8a,5580,105356.13,18.24,15.964,0.9987,15.943,Completed,,,Residential,,Residential,Alpine,San Diego,CA,91901,8/11/2011,,8/11/2011,,,,,,,,,8/25/2011,,3/27/2012,,4/10/2012,,5/4/2012,,,,,"Herca Solar, Inc",950771,"Herca Solar, Inc",no,SunPower,,,,,,,,,SPR-240E-WHT-D,,,,,,,,,76,,,,,,,,,SunPower,,,,,,,,,,SPR-8000m (240V),,,,,,,,,,2,,,,,,,,,,Installed,Completed/PBI-In Payment,"SunPower Corporation, Systems (Richmond)",,182,20,Fixed Array,15.964,0,0,15.943,0,0,,,,,
SD-CSI-21679,CSE,Small Commercial (< 10 kW) and All Residential,$0.20 per Watt EPBB,EPBB,Step 10,1372,23000,8.415,7.33,0.93599,6.861,Wait List,,,Residential,,Residential,Alpine,San Diego,CA,91901,3/5/2014,,,,,,,,,,,,,,,,,,,,,,Solar Electric Works,696218,Solar Electric Works,no,Renesola America,,,,,,,,,JC255M-24/Bx,,,,,,,,,33,,,,,,,,,Fronius USA,,,,,,,,,,IG Plus 7.5-240,,,,,,,,,,1,,,,,,,,,,Wait List,Wait List,,,110,15,Fixed Array,7.33,0,0,6.861,0,0,,,,,
SD-CSI-12152,CSE,Small Commercial (< 10 kW) and All Residential,$0.25 per Watt EPBB,EPBB,Step 9b,2384,63044,11.088,9.743,0.97867,9.535,Completed,,,Commercial,,Residential,Alpine,San Diego,CA,91901,3/8/2012,,3/19/2012,,,,,,,,3/29/2012,3/30/2012,,4/16/2012,,5/1/2012,,5/14/2012,,,,,Clary Solar,924404,Clary Solar,yes,SunPower,,,,,,,,,SPR-308E-WHT-D,,,,,,,,,36,,,,,,,,,SunPower,,,,,,,,,,SPR-5000m (240V),,,,,,,,,,2,,,,,,,,,,Installed,Completed/PBI-In Payment,,,180,30,Fixed Array,9.743,0,0,9.535,0,0,,,,,
SD-CSI-21913,CSE,Small Commercial (< 10 kW) and All Residential,$0.20 per Watt EPBB,EPBB,Step 10,1017,28852,5.98,5.169,0.98336,5.083,Wait List,,,Residential,,Residential,Alpine,San Diego,CA,91901,3/25/2014,,,,,,,,,,,,,,,,,,,,,,Mc Wire Electric Inc.,915872,Mc Wire Electric Inc.,no,Sun Edison,,,,,,,,,SE-F260CzC-3y,,,,,,,,,23,,,,,,,,,Enphase Energy,,,,,,,,,,M215-60-2LL-S2X,,,,,,,,,,23,,,,,,,,,,Wait List,Wait List,,,Multiple,14,Fixed Array,5.169,0,0,5.083,0,0,,,,,
SD-CSI-17094,CSE,Small Commercial (< 10 kW) and All Residential,$0.20 per Watt EPBB,EPBB,Step 10,1417,44570,8.16,7.087,0.99986,7.086,Completed,,,Residential,,Residential,Alpine,San Diego,CA,91901,3/26/2013,,3/28/2013,,,,,,,,11/21/2013,11/22/2013,,1/29/2014,,3/25/2014,,4/9/2014,,,,,A S I HEATING AND AIR,513115,A S I HEATING AND AIR,no,LG Electronics Solar Cell Division,,,,,,,,,LG255S1C-G3,,,,,,,,,32,,,,,,,,,Enphase Energy,,,,,,,,,,M215-60-2LL-S2X,,,,,,,,,,32,,,,,,,,,,Installed,Completed/PBI-In Payment,"Enphase Energy, Inc",,210,18,Fixed Array,7.087,0,0,7.086,0,0,,,,,
SD-CSI-22130,CSE,Small Commercial (< 10 kW) and All Residential,$0.20 per Watt EPBB,EPBB,Step 10,860,24000,5,4.362,0.98541,4.298,Wait List,,,Commercial,,Residential,Alpine,San Diego,CA,91901,4/10/2014,,,,,,,,,,,,,,,,,,,,,,SolarCity,888104,SolarCity,yes,AU Optronics,,,,,,,,,PM245P01_250,,,,,,,,,20,,,,,,,,,Power-One,,,,,,,,,,PVI-4.2-OUTD-S-US (240 V),,,,,,,,,,1,,,,,,,,,,Wait List,Wait List,,,201,18,Fixed Array,4.362,0,0,4.299,0,0,,,,,
SD-CSI-09622,CSE,Small Commercial (< 10 kW) and All Residential,"91.119% @ $0.35, 8.881% @ $0.25 per Watt EPBB",EPBB,"91.119% @ Step 8a, 8.881% @ Step 9b",3684,105016.8,13.16,11.295,0.95603,10.798,Completed,,,Commercial,,Residential,Alpine,San Diego,CA,91901,7/28/2011,,7/28/2011,,,,,,,,,8/12/2011,,12/6/2011,,12/20/2011,,1/9/2012,,,,,SolarCity,888104,SolarCity,yes,Yingli Energy (China),,,,,,,,,YL235P-29b,,,,,,,,,56,,,,,,,,,Fronius USA,,,,,,,,,,IG Plus V 11.4-240,,,,,,,,,,1,,,,,,,,,,Installed,Completed/PBI-In Payment,,,184,18,Fixed Array,11.295,0,0,10.798,0,0,,,,,
SD-CSI-21552,CSE,Small Commercial (< 10 kW) and All Residential,$0.20 per Watt EPBB,EPBB,Step 10,895,22267,5.4,4.572,0.97872,4.475,Wait List,,,Residential,,Residential,Alpine,San Diego,CA,91901,3/1/2014,,,,,,,,,,,,,,,,,,,,,,SEMPER SOLARIS CONSTRUCTION INC,978152,SEMPER SOLARIS CONSTRUCTION INC,no,SolarWorld,,,,,,,,,Protect SW 270 Mono,,,,,,,,,20,,,,,,,,,Enphase Energy,,,,,,,,,,M250-60-2LL-S2X (-ZC) (-NA) (208V),,,,,,,,,,20,,,,,,,,,,Wait List,Wait List,,,180,30,Fixed Array,4.572,0,0,4.474,0,0,,,,,
SD-CSI-07523,CSE,Small Commercial (< 10 kW) and All Residential,$0.65 per Watt EPBB,EPBB,Step 7,6627,70459.69,12.005,10.32,0.987895715,10.196,Completed,,,Residential,,Residential,Alpine,San Diego,CA,91901,10/8/2010,10/9/2010,10/9/2010,,,,,,,,10/18/2010,10/26/2010,,2/27/2011,3/17/2011,3/18/2011,,3/22/2011,,,,,"Value Electric & Communications, Inc.",854986,"Value Electric & Communications, Inc.",no,SolarWorld,,,,,,,,,SW245 mono,,,,,,,,,49,,,,,,,,,PV Powered,PV Powered,,,,,,,,,PVP3500,PVP4800,,,,,,,,,1,2,,,,,,,,,Installed,Completed/PBI-In Payment,PV Powered,,170,22,Fixed Array,10.32,0,0,10.195,0,0,,,,,
SD-CSI-21660,CSE,Small Commercial (< 10 kW) and All Residential,$0.20 per Watt EPBB,EPBB,Step 10,1141,8971.88,6.76,5.831,0.97869,5.707,Wait List,,,Residential,,Residential,Alpine,San Diego,CA,91901,3/10/2014,,,,,,,,,,,,,,,,,,,,,,SEMPER SOLARIS CONSTRUCTION INC,978152,SEMPER SOLARIS CONSTRUCTION INC,no,Innotech Solar,,,,,,,,,x260,,,,,,,,,26,,,,,,,,,Enphase Energy,,,,,,,,,,M215-60-2LL-S2X,,,,,,,,,,26,,,,,,,,,,Wait List,Wait List,,,180,30,Fixed Array,5.831,0,0,5.706,0,0,,,,,
SD-CSI-06826,CSE,Small Commercial (< 10 kW) and All Residential,$0.65 per Watt EPBB,EPBB,Step 7,2429,32395,4.84,4.123,0.90638,3.737,Completed,,,Commercial,,Residential,Alpine,San Diego,CA,91901,8/2/2010,8/2/2010,8/2/2010,,,,,,,,,8/4/2010,11/15/2010,11/15/2010,,11/23/2010,,12/23/2010,,,,,"REC Solar, Inc.",990001,"REC Solar, Inc.",yes,REC Solar,,,,,,,,,REC220PE-US,,,,,,,,,22,,,,,,,,,SMA America,,,,,,,,,,SB4000US (240V),,,,,,,,,,1,,,,,,,,,,Installed,Completed/PBI-In Payment,,,132,26,Fixed Array,4.123,0,0,3.737,0,0,,,,,
SD-CSI-21677,CSE,Small Commercial (< 10 kW) and All Residential,$0.20 per Watt EPBB,EPBB,Step 10,936,23000,5.5,4.719,0.992,4.681,Wait List,,,Residential,,Residential,Alpine,San Diego,CA,91901,1/23/2014,,,,,,,,,,,,,,,,,,,,,,Solar Electric Works,696218,Solar Electric Works,no,SolarWorld,,,,,,,,,SW250 Mono,,,,,,,,,22,,,,,,,,,Power-One,,,,,,,,,,PVI-6000-OUTD-US-A (240V),,,,,,,,,,1,,,,,,,,,,Wait List,Wait List,,,190,10,Fixed Array,4.719,0,0,4.682,0,0,,,,,
SD-CSI-01611,CSE,Small Commercial (< 10 kW) and All Residential,$2.20 per Watt EPBB,EPBB,Step 3,12685,51385.83,6.825,6.112,0.943345086,5.766,Completed,,,Residential,,Residential,Alpine,San Diego,CA,91901,9/10/2008,9/17/2008,9/29/2008,,,,,,,,,9/30/2008,2/12/2009,2/13/2009,,2/27/2009,,3/5/2009,,,,,"Borrego Solar Systems, Inc.",814435,"Borrego Solar Systems, Inc.",yes,Sanyo Electric of Panasonic Group,,,,,,,,,HIP-195BA19,,,,,,,,,35,,,,,,,,,SMA America,,,,,,,,,,SB7000US (240V),,,,,,,,,,1,,,,,,,,,,Installed,Completed/PBI-In Payment,,,Multiple,12,Fixed Array,6.112,0,0,5.766,0,0,,,,,
SD-CSI-21786,CSE,Small Commercial (< 10 kW) and All Residential,$0.20 per Watt EPBB,EPBB,Step 10,1319,38400,8,7.016,0.94,6.595,Wait List,,,Commercial,,Residential,Alpine,San Diego,CA,91901,3/17/2014,,,,,,,,,,,,,,,,,,,,,,SolarCity,888104,SolarCity,yes,AU Optronics,,,,,,,,,PM245P01_250,,,,,,,,,32,,,,,,,,,Power-One,,,,,,,,,,PVI-6000-OUTD-US-A (240V),,,,,,,,,,1,,,,,,,,,,Wait List,Wait List,,,175,15,Fixed Array,7.016,0,0,6.595,0,0,,,,,
SD-CSI-13617,CSE,Small Commercial (< 10 kW) and All Residential,$0.20 per Watt EPBB,EPBB,Step 10,1205,29500,7.05,6.062,0.9936,6.023,Completed,,,Residential,,Residential,Alpine,San Diego,CA,91901,7/25/2012,,7/26/2012,,,,,,,,,8/9/2012,,10/24/2012,,11/14/2012,,11/29/2012,,,,,Countywide Mechanical Systems,967998,Countywide Mechanical Systems,no,Siliken Modules,,,,,,,,,SLK60P6L SLV/WHT 235Wp,,,,,,,,,30,,,,,,,,,Enphase Energy,,,,,,,,,,M215-60-2LL-S2X,,,,,,,,,,30,,,,,,,,,,Installed,Completed/PBI-In Payment,,,190,25,Fixed Array,6.062,0,0,6.024,0,0,,,,,
SD-CSI-21812,CSE,Small Commercial (< 10 kW) and All Residential,$0.20 per Watt EPBB,EPBB,Step 10,1251,26239,6.96,6.267,0.99843,6.257,Wait List,,,Residential,,Residential,Alpine,San Diego,CA,91901,1/29/2014,,,,,,,,,,,,,,,,,,,,,,Green America Construction,954862,Green America Construction,no,LG Electronics Solar Cell Division,,,,,,,,,LG290N1C-A3,,,,,,,,,24,,,,,,,,,SMA America,,,,,,,,,,SB6000TL-US (240V),,,,,,,,,,24,,,,,,,,,,Wait List,Wait List,,,180,20,Fixed Array,6.267,0,0,6.257,0,0,,,,,
SD-CSI-05662,CSE,Small Commercial (< 10 kW) and All Residential,$1.10 per Watt EPBB,EPBB,Step 6,9273,45735,9.9,8.432,0.99977,8.43,Withdrawn,,,Residential,,Residential,Alpine,San Diego,CA,91901,3/21/2010,3/21/2010,3/21/2010,,,,,,,,,,,,,,,,3/23/2010,,,,Clean Power Solutions,774491,Clean Power Solutions,no,Trina Solar,,,,,,,,,TSM-180DA01,,,,,,,,,55,,,,,,,,,SMA America,,,,,,,,,,SB8000US (240V),,,,,,,,,,1,,,,,,,,,,Delisted,Delisted,,,225,20,Fixed Array,8.432,0,0,8.43,0,0,,,,,
SD-CSI-21875,CSE,Small Commercial (< 10 kW) and All Residential,$0.20 per Watt EPBB,EPBB,Step 10,1163,27250,7.02,5.943,0.97856,5.816,Wait List,,,Residential,,Residential,Alpine,San Diego,CA,91901,3/23/2014,,,,,,,,,,,,,,,,,,,,,,SEMPER SOLARIS CONSTRUCTION INC,978152,SEMPER SOLARIS CONSTRUCTION INC,no,SolarWorld,,,,,,,,,Protect SW 270 Mono,,,,,,,,,26,,,,,,,,,Enphase Energy,,,,,,,,,,M250-60-2LL-S2X (-ZC) (-NA) (208V),,,,,,,,,,26,,,,,,,,,,Wait List,Wait List,,,180,30,Fixed Array,5.943,0,0,5.816,0,0,,,,,
SD-CSI-16294,CSE,Small Commercial (< 10 kW) and All Residential,$0.20 per Watt EPBB,EPBB,Step 10,1167,31416,7.14,6.287,0.92834,5.836,Cancelled,,,Residential,,Residential,Alpine,San Diego,CA,91901,1/9/2013,,1/9/2013,,,,,,,,,1/30/2013,,,,,,,,2/3/2014,,,Verengo Solar,935263,Verengo Solar,yes,Suntech Power,,,,,,,,,STP255S-20/Wdb,,,,,,,,,28,,,,,,,,,Power-One,,,,,,,,,,PVI-6000-OUTD-US (240V),,,,,,,,,,1,,,,,,,,,,Delisted,Delisted,,,118,20,Fixed Array,6.288,0,0,5.837,0,0,,,,,
SD-CSI-21911,CSE,Small Commercial (< 10 kW) and All Residential,$0.20 per Watt EPBB,EPBB,Step 10,932,24550,5.5,4.66,1,4.66,Wait List,,,Residential,,Residential,Alpine,San Diego,CA,91901,3/26/2014,,,,,,,,,,,,,,,,,,,,,,A S I HEATING AND AIR,513115,A S I HEATING AND AIR,no,SolarWorld,,,,,,,,,Protect SW 275 Mono,,,,,,,,,20,,,,,,,,,Enphase Energy,,,,,,,,,,M215-60-2LL-S2X,,,,,,,,,,20,,,,,,,,,,Wait List,Wait List,,,205,18,Fixed Array,4.66,0,0,4.66,0,0,,,,,
SD-CSI-12161,CSE,Small Commercial (< 10 kW) and All Residential,$0.25 per Watt EPBB,EPBB,Step 9b,1289,37744.11,6.58,5.715,0.90221,5.156,Completed,,,Commercial,,Residential,Alpine,San Diego,CA,91901,3/19/2012,,3/19/2012,,,,,,,,,3/29/2012,,5/18/2012,,6/4/2012,,6/21/2012,,,,,REAL GOODS ENERGY TECH INC dba REAL GOODS SOLAR,840934,REAL GOODS ENERGY TECH INC dba REAL GOODS SOLAR,yes,Kyocera Solar,,,,,,,,,KD235GX-LFB,,,,,,,,,28,,,,,,,,,Enphase Energy,,,,,,,,,,M215-60-2LL-S2X,,,,,,,,,,28,,,,,,,,,,Installed,Completed/PBI-In Payment,,,120,20,Fixed Array,5.715,0,0,5.156,0,0,,,,,
SD-CSI-21944,CSE,Small Commercial (< 10 kW) and All Residential,$0.20 per Watt EPBB,EPBB,Step 10,1741,38433,9.86,8.715,0.99909,8.707,Wait List,,,Residential,,Residential,Alpine,San Diego,CA,91901,3/28/2014,,,,,,,,,,,,,,,,,,,,,,A S I HEATING AND AIR,513115,A S I HEATING AND AIR,no,LG Electronics Solar Cell Division,,,,,,,,,LG290N1C-G3,,,,,,,,,34,,,,,,,,,Enphase Energy,,,,,,,,,,M215-60-2LL-S2X,,,,,,,,,,34,,,,,,,,,,Wait List,Wait List,,,180,14,Fixed Array,8.715,0,0,8.707,0,0,,,,,
SD-CSI-12539,CSE,Small Commercial (< 10 kW) and All Residential,$0.20 per Watt EPBB,EPBB,Step 10,381,11442.5,2.3,1.932,0.98531,1.904,Completed,,,Commercial,,Residential,Alpine,San Diego,CA,91901,4/18/2012,,4/18/2012,,,,,,,,,5/4/2012,,7/19/2012,,8/1/2012,,8/16/2012,,,,,SolarCity,888104,SolarCity,yes,Yingli Energy (China),,,,,,,,,YL230P-29b,,,,,,,,,10,,,,,,,,,Fronius USA,,,,,,,,,,IG 2000 NEG,,,,,,,,,,1,,,,,,,,,,Installed,Completed/PBI-In Payment,SolarCity,,228,16,Fixed Array,1.932,0,0,1.903,0,0,,,,,
SD-CSI-22060,CSE,Small Commercial (< 10 kW) and All Residential,$0.20 per Watt EPBB,EPBB,Step 10,1459,37702,8.8,7.456,0.97872,7.297,Wait List,,,Residential,,Residential,Alpine,San Diego,CA,91901,4/5/2014,,,,,,,,,,,,,,,,,,,,,,SEMPER SOLARIS CONSTRUCTION INC,978152,SEMPER SOLARIS CONSTRUCTION INC,no,SolarWorld,,,,,,,,,Protect SW 275 Mono,,,,,,,,,32,,,,,,,,,Enphase Energy,,,,,,,,,,M250-60-2LL-S2X (-ZC) (-NA) (208V),,,,,,,,,,32,,,,,,,,,,Wait List,Wait List,,,180,30,Fixed Array,7.456,0,0,7.297,0,0,,,,,
SD-CSI-02556,CSE,Small Commercial (< 10 kW) and All Residential,$0.26 per kWh FiveYearPBI,FiveYearPBI,Step 4,22463,85000,11.48,10.167,0.97005,9.862,Completed,,,Residential,,Residential,Alpine,San Diego,CA,91901,,,4/28/2009,,,,,,,,,5/8/2009,7/1/2009,7/1/2009,,7/21/2009,9/20/2009,8/8/2014,,,,,Sullivan Solar Power,839077,Sullivan Solar Power,no,Sanyo Electric of Panasonic Group,,,,,,,,,HIP-205NKHA5,,,,,,,,,56,,,,,,,,,SMA America,,,,,,,,,,SB5000US (240V),,,,,,,,,,2,,,,,,,,,,Installed,Completed/PBI-In Payment,Fat Spaniel Technologies; a Power-One Brand,SDG&E,205,12,Fixed Array,10.167,0,0,9.862,0,0,,,,,
SD-MASH-00115,CSE,Multifamily Affordable Solar Housing,"88.890% @ $2.80, 11.110% @ $1.90 per Watt EPBB",EPBB,"88.890% @ Track 1B - 2011, 11.110% @ Track 1A - 2011",318823,532899,137.7,118.117,0.9997,118.082,Wait List,,,Commercial,,Residential,Alpine,San Diego,CA,91901,12/6/2013,,,,,,,,,,,,,,,,,,,,,,Shorebreak Energy Developers LLC,972616,Shorebreak Energy Developers LLC,yes,SolarWorld,,,,,,,,,SW255 Poly,,,,,,,,,540,,,,,,,,,SMA America,,,,,,,,,,STP24000TL-US-10 (480V),,,,,,,,,,8,,,,,,,,,,Wait List,Wait List,,,180,15,Fixed Array,118.117,0,0,118.082,0,0,24926,293897,,11.11%,88.89%
SD-CSI-19042,CSE,Small Commercial (< 10 kW) and All Residential,$0.20 per Watt EPBB,EPBB,Step 10,924,19900,5.5,4.796,0.96297,4.618,Confirmed Reservation,,,Residential,,Residential,Alpine,San Diego,CA,91901,11/15/2013,,12/5/2013,,,,,,,,,7/30/2014,,,,,,,,,,,Solar Electric Works,696218,Solar Electric Works,no,Phono Solar Technology,,,,,,,,,PS250P-20/U,,,,,,,,,22,,,,,,,,,Power-One,,,,,,,,,,PVI-5000-OUTD-US-A (240V),,,,,,,,,,1,,,,,,,,,,Pending,Active,,,135,15,Fixed Array,4.796,0,0,4.618,0,0,,,,,
SD-CSI-22138,CSE,Small Commercial (< 10 kW) and All Residential,$0.20 per Watt EPBB,EPBB,Step 10,1114,29000,6.6,5.691,0.97864,5.569,Wait List,,,Residential,,Residential,Alpine,San Diego,CA,91901,4/10/2014,,,,,,,,,,,,,,,,,,,,,,SEMPER SOLARIS CONSTRUCTION INC,978152,SEMPER SOLARIS CONSTRUCTION INC,no,SolarWorld,,,,,,,,,SW 275 Mono,,,,,,,,,24,,,,,,,,,Enphase Energy,,,,,,,,,,M250-60-2LL-S2X (-ZC) (-NA) (208V),,,,,,,,,,24,,,,,,,,,,Wait List,Wait List,,,180,30,Fixed Array,5.691,0,0,5.569,0,0,,,,,
SD-CSI-01706,CSE,Small Commercial (< 10 kW) and All Residential,"98.198% @ $2.20, 1.802% @ $1.55 per Watt EPBB",EPBB,"98.198% @ Step 3, 1.802% @ Step 5",12542,48860.93,7.38,6.221,0.921180556,5.731,Completed,,,Residential,,Residential,Alpine,San Diego,CA,91901,9/16/2008,9/29/2008,9/29/2008,,,,,,,,,10/6/2008,7/26/2009,7/28/2009,,9/14/2009,,10/2/2009,,,,,"Borrego Solar Systems, Inc.",814435,"Borrego Solar Systems, Inc.",no,Kyocera Solar,,,,,,,,,KD205GX-LP,,,,,,,,,36,,,,,,,,,Motech Industries,Motech Industries,,,,,,,,,PVMate 3900U (240V),PVMate 2900U (240V),,,,,,,,,1,1,,,,,,,,,Installed,Completed/PBI-In Payment,,,Multiple,23,Fixed Array,6.221,0,0,5.73,0,0,,,,,
SD-CSI-01334,CSE,Small Commercial (< 10 kW) and All Residential,$2.20 per Watt EPBB,EPBB,Step 3,0,0,15.456,13.102,0.975343287,12.78,Cancelled,7/28/08 - Duplicate of Project SD-CSI-1332.  TO,,Residential,,Residential,Alpine,San Diego,CA,91901,7/28/2008,7/28/2008,,,,,,,,,,,,,,,,,,7/28/2008,,,REAL GOODS ENERGY TECH INC dba REAL GOODS SOLAR,840934,REAL GOODS ENERGY TECH INC dba REAL GOODS SOLAR,no,Sharp,,,,,,,,,ND-224U1F,,,,,,,,,69,,,,,,,,,SMA America,,,,,,,,,,SB7000US (240V),,,,,,,,,,2,,,,,,,,,,Delisted,Delisted,,,Multiple,23,Fixed Array,13.102,0,0,12.779,0,0,,,,,
SD-CSI-11182,CSE,Small Commercial (< 10 kW) and All Residential,$0.25 per Watt EPBB,EPBB,Step 9b,607,15916.55,3.055,2.636,0.92147,2.429,Completed,,,Commercial,,Residential,Alpine,San Diego,CA,91901,12/14/2011,12/14/2011,12/14/2011,,,,,,,,,12/29/2011,,4/20/2012,,5/7/2012,,5/25/2012,,,,,SolarCity,888104,SolarCity,yes,Yingli Energy (China),,,,,,,,,YL235P-29b,,,,,,,,,13,,,,,,,,,Power-One,,,,,,,,,,PVI-3.0-OUTD-S-US (240 V),,,,,,,,,,1,,,,,,,,,,Installed,Completed/PBI-In Payment,SolarCity,,185,19,Fixed Array,2.636,0,0,2.429,0,0,,,,,
SD-CSI-22075,CSE,Small Commercial (< 10 kW) and All Residential,$0.20 per Watt EPBB,EPBB,Step 10,1071,24155,6.09,5.355,1,5.355,Wait List,,,Residential,,Residential,Alpine,San Diego,CA,91901,4/7/2014,,,,,,,,,,,,,,,,,,,,,,A S I HEATING AND AIR,513115,A S I HEATING AND AIR,no,LG Electronics Solar Cell Division,,,,,,,,,LG290N1C-G3,,,,,,,,,21,,,,,,,,,SMA America,,,,,,,,,,SB6000US (240V),,,,,,,,,,1,,,,,,,,,,Wait List,Wait List,,,200,18,Fixed Array,5.355,0,0,5.355,0,0,,,,,
SD-CSI-20229,CSE,Small Commercial (< 10 kW) and All Residential,$0.20 per Watt EPBB,EPBB,Step 10,1089,24004,6.24,5.447,0.99982,5.446,Completed,,,Residential,,Residential,Alpine,San Diego,CA,91901,1/17/2014,,1/20/2014,,,,,,,,11/25/2014,12/9/2014,,1/16/2015,,3/16/2015,,3/25/2015,,,,,"San Diego Solar Install, Inc.",946112,"San Diego Solar Install, Inc.",no,Phono Solar Technology,,,,,,,,,PS260M-20/U,,,,,,,,,24,,,,,,,,,Enphase Energy,,,,,,,,,,M250-60-2LL-S2X (-ZC) (-NA) (240V),,,,,,,,,,24,,,,,,,,,,Installed,Completed/PBI-In Payment,"Enphase Energy, Inc",,180,15,Fixed Array,5.447,0,0,5.446,0,0,,,,,
SD-CSI-21710,CSE,Small Commercial (< 10 kW) and All Residential,$0.20 per Watt EPBB,EPBB,Step 10,997,32065,5.83,5.092,0.9786,4.983,Wait List,,,Residential,,Residential,Alpine,San Diego,CA,91901,3/12/2014,,,,,,,,,,,,,,,,,,,,,,A1 Solar Power Inc.,493623,A1 Solar Power Inc.,no,SolarWorld,,,,,,,,,SW265 Mono,,,,,,,,,22,,,,,,,,,SolarEdge Technologies,,,,,,,,,,SE5000 (240V) w/ -ER-US or A-US,,,,,,,,,,1,,,,,,,,,,Wait List,Wait List,,,180,30,Fixed Array,5.092,0,0,4.983,0,0,,,,,
SD-CSI-10716,CSE,Small Commercial (< 10 kW) and All Residential,$0.25 per Watt EPBB,EPBB,Step 9a,883,36753,4.14,3.649,0.968,3.532,Completed,,,Residential,,Residential,Alpine,San Diego,CA,91901,10/6/2011,,11/4/2011,,,,,,,,,11/17/2011,,12/29/2011,,1/27/2012,,2/6/2012,,,,,Solaire Energy Systems,902494,Solaire Energy Systems,no,SunPower,,,,,,,,,SPR-230-WHT-U,,,,,,,,,18,,,,,,,,,Enphase Energy,,,,,,,,,,M210-84-240-SXX(-NA),,,,,,,,,,18,,,,,,,,,,Installed,Completed/PBI-In Payment,,,160,17,Fixed Array,3.649,0,0,3.533,0,0,,,,,
SD-CSI-21724,CSE,Small Commercial (< 10 kW) and All Residential,$0.20 per Watt EPBB,EPBB,Step 10,1787,34745,10.08,8.949,0.99856,8.936,Wait List,,,Residential,,Residential,Alpine,San Diego,CA,91901,3/10/2014,,,,,,,,,,,,,,,,,,,,,,Green America Construction,954862,Green America Construction,no,LG Electronics Solar Cell Division,,,,,,,,,LG280N1W-G3,,,,,,,,,36,,,,,,,,,Enphase Energy,,,,,,,,,,M250-60-2LL-S2X (-ZC) (-NA) (240V),,,,,,,,,,36,,,,,,,,,,Wait List,Wait List,,,180,20,Fixed Array,8.949,0,0,8.936,0,0,,,,,
SD-CSI-03719,CSE,Small Commercial (< 10 kW) and All Residential,$1.55 per Watt EPBB,EPBB,Step 5,7239,38242,6,5.074,0.92039,4.67,Completed,,,Residential,,Residential,Alpine,San Diego,CA,91901,9/15/2009,9/15/2009,9/18/2009,,,,,,,,9/21/2009,9/22/2009,,10/29/2009,,12/4/2009,,12/22/2009,,,,,"Solar West Electric, Inc.",911299,"Solar West Electric, Inc.",no,Canadian Solar,,,,,,,,,CS6P-200PE,,,,,,,,,30,,,,,,,,,SMA America,,,,,,,,,,SB6000US (240V),,,,,,,,,,1,,,,,,,,,,Installed,Completed/PBI-In Payment,,,178,15,Fixed Array,5.074,0,0,4.67,0,0,,,,,
SD-CSI-05869,CSE,Small Commercial (< 10 kW) and All Residential,$1.10 per Watt EPBB,EPBB,Step 6,14377,82646.9,15.18,13.09,0.99851,13.07,Cancelled,ICF submittal past deadline.  Applicant said to cancel on 5/15. JG,,Residential,,Residential,Alpine,San Diego,CA,91901,3/26/2010,3/28/2010,3/28/2010,,,,,,,,4/19/2010,4/19/2010,,,,,,,,5/16/2011,,,Mc Wire Electric Inc.,915872,Affordable Solar Solutions,no,Yingli Energy (China),,,,,,,,,YL230P-29b,,,,,,,,,66,,,,,,,,,SMA America,,,,,,,,,,SB7000US (240V),,,,,,,,,,2,,,,,,,,,,Delisted,Delisted,,,180,30,Fixed Array,13.09,0,0,13.071,0,0,,,,,
SD-CSI-17818,CSE,Small Commercial (< 10 kW) and All Residential,$0.20 per Watt EPBB,EPBB,Step 10,1030,23502.4,6,5.239,0.98327,5.151,Completed,,,Residential,,Residential,Alpine,San Diego,CA,91901,9/5/2013,,10/15/2013,,,,,,,,,2/26/2014,,3/4/2014,4/11/2014,4/17/2014,,4/25/2014,,,,,Baker Electric Solar,858088,Baker Electric Solar,no,REC Solar,,,,,,,,,REC250PE-US,,,,,,,,,24,,,,,,,,,Enphase Energy,,,,,,,,,,M215-60-2LL-S2X,,,,,,,,,,24,,,,,,,,,,Installed,Completed/PBI-In Payment,,,265,23,Fixed Array,5.239,0,0,5.152,0,0,,,,,
SD-CSI-13915,CSE,Small Commercial (< 10 kW) and All Residential,$0.20 per Watt EPBB,EPBB,Step 10,1101,41644,6.54,5.756,0.9564,5.505,Completed,,,Commercial,,Residential,Alpine,San Diego,CA,91901,7/30/2012,,8/16/2012,,,,,,,,,8/29/2012,,11/5/2012,,1/3/2013,,1/24/2013,,,,,Solaire Energy Systems,902494,Solaire Energy Systems,yes,SunPower,,,,,,,,,SPR-327NE-WHT-D,,,,,,,,,20,,,,,,,,,SunPower,,,,,,,,,,SPR-6501f-240,,,,,,,,,,1,,,,,,,,,,Installed,Completed/PBI-In Payment,,,Multiple,Multiple,Fixed Array,5.757,0,0,5.506,0,0,,,,,
SD-CSI-15666,CSE,Small Commercial (< 10 kW) and All Residential,$0.20 per Watt EPBB,EPBB,Step 10,1620,48435,9.156,8.102,1,8.102,Withdrawn,,,Residential,,Residential,Alpine,San Diego,CA,91901,11/19/2012,,11/20/2012,,,,,,,,12/14/2012,,,,,,,,12/14/2012,,,,TMAG Industries dba Stellar Solar,749095,TMAG Industries dba Stellar Solar,no,SunPower,,,,,,,,,SPR-327NE-WHT-D,,,,,,,,,28,,,,,,,,,SMA America,,,,,,,,,,SB8000US-11 (240V),,,,,,,,,,1,,,,,,,,,,Delisted,Delisted,,,235,18,Fixed Array,8.102,0,0,8.102,0,0,,,,,
SD-CSI-13625,CSE,Small Commercial (< 10 kW) and All Residential,$0.20 per Watt EPBB,EPBB,Step 10,1587,45600,9.156,8.102,0.9792,7.933,Completed,,,Commercial,,Residential,Alpine,San Diego,CA,91901,6/29/2012,,7/27/2012,,,,,,,,8/9/2012,8/20/2012,,11/2/2012,,11/19/2012,,12/6/2012,,,,,"Solar West Electric, Inc.",911299,Solar Alliance of America,yes,SunPower,,,,,,,,,SPR-327NE-WHT-D,,,,,,,,,28,,,,,,,,,SunPower,,,,,,,,,,SPR-8000m (240V),,,,,,,,,,1,,,,,,,,,,Installed,Completed/PBI-In Payment,,,230,13,Fixed Array,8.102,0,0,7.933,0,0,,,,,
SD-CSI-11142,CSE,Small Commercial (< 10 kW) and All Residential,$0.25 per Watt EPBB,EPBB,Step 9b,1628,40277,8.085,6.941,0.93813,6.512,Completed,,,Commercial,,Residential,Alpine,San Diego,CA,91901,12/9/2011,,12/12/2011,,,,,,,,,12/27/2011,,3/8/2012,,3/22/2012,,3/29/2012,,,,,"REC Solar, Inc.",990001,"REC Solar, Inc.",yes,Kyocera Solar,,,,,,,,,KD245GX-LPB,,,,,,,,,33,,,,,,,,,SMA America,,,,,,,,,,SB7000US (240V),,,,,,,,,,1,,,,,,,,,,Installed,Completed/PBI-In Payment,,,143,18,Fixed Array,6.941,0,0,6.512,0,0,,,,,
SD-CSI-16306,CSE,Small Commercial (< 10 kW) and All Residential,$0.20 per Watt EPBB,EPBB,Step 10,2764,77070,15.696,13.889,0.99491,13.818,Completed,,,Commercial,,Residential,Alpine,San Diego,CA,91901,1/9/2013,,1/9/2013,,,,,,,,,1/30/2013,,4/8/2013,,5/10/2013,,5/17/2013,,,,,Clary Solar,924404,Clary Solar,yes,SunPower,,,,,,,,,SPR-327NE-WHT-D,,,,,,,,,48,,,,,,,,,SunPower,,,,,,,,,,SPR-7000m (240V),,,,,,,,,,2,,,,,,,,,,Installed,Completed/PBI-In Payment,"SunPower Corporation, Systems (Richmond)",,180,23,Fixed Array,13.889,0,0,13.818,0,0,,,,,
SD-CSI-00374,CSE,Small Commercial (< 10 kW) and All Residential,$2.50 per Watt EPBB,EPBB,Step 2,12530,34561.91,5.94,5.111,0.98065,5.012,Completed,,,Residential,,Residential,Alpine,San Diego,CA,91901,9/6/2007,9/6/2007,9/6/2007,,,,,,,,,9/6/2007,12/10/2007,12/11/2007,12/12/2007,12/17/2007,,12/27/2007,,,,,Self-Install,,Solatron Technologies,no,Mitsubishi Electric,,,,,,,,,PV-MF165EB4,,,,,,,,,36,,,,,,,,,PV Powered,,,,,,,,,,PVP5200,,,,,,,,,,1,,,,,,,,,,Installed,Completed/PBI-In Payment,,,180,30,Fixed Array,5.111,0,0,5.013,0,0,,,,,
SD-CSI-13967,CSE,Small Commercial (< 10 kW) and All Residential,$0.20 per Watt EPBB,EPBB,Step 10,1167,33992,6.867,6.045,0.96517,5.834,Completed,,,Commercial,,Residential,Alpine,San Diego,CA,91901,8/3/2012,,8/21/2012,,,,,,,,,8/31/2012,,3/8/2013,,4/19/2013,,4/26/2013,,,,,Baker Electric Solar,858088,Baker Electric Solar,yes,SunPower,,,,,,,,,SPR-327NE-WHT-D,,,,,,,,,21,,,,,,,,,SunPower,,,,,,,,,,SPR-6000m (240V),,,,,,,,,,1,,,,,,,,,,Installed,Completed/PBI-In Payment,,,Multiple,19,Fixed Array,6.045,0,0,5.834,0,0,,,,,
SD-CSI-13957,CSE,Small Commercial (< 10 kW) and All Residential,$0.20 per Watt EPBB,EPBB,Step 10,2327,66953,13.734,12.089,0.96236,11.634,Cancelled,Cancellation requested by Host Customer,,Commercial,,Residential,Alpine,San Diego,CA,91901,7/12/2012,,8/21/2012,,,,,,,,8/30/2012,9/7/2012,,,,,,,,6/20/2013,,,Baker Electric Solar,858088,Baker Electric Solar,yes,SunPower,,,,,,,,,SPR-327NE-WHT-D,,,,,,,,,42,,,,,,,,,SunPower,,,,,,,,,,SPR-6000m (240V),,,,,,,,,,2,,,,,,,,,,Delisted,Delisted,,,265,19,Fixed Array,12.089,0,0,11.634,0,0,,,,,
SD-CSI-00724,CSE,Small Commercial (< 10 kW) and All Residential,$2.50 per Watt EPBB,EPBB,Step 2,24903,80637.66,11.78,9.971,0.999,9.961,Cancelled,"As per installer, project is being cancelled.  BA",,Residential,,Residential,Alpine,San Diego,CA,91901,12/15/2007,12/20/2007,12/31/2007,,,,,,,,,12/31/2007,,,,,,,,2/24/2009,,,"Borrego Solar Systems, Inc.",814435,"Borrego Solar Systems, Inc.",no,BP Solar,,,,,,,,,SX3190B,,,,,,,,,62,,,,,,,,,SMA America,,,,,,,,,,SB5000US (240V),,,,,,,,,,2,,,,,,,,,,Delisted,Delisted,,,,19,Fixed Array,9.971,0,0,9.961,0,0,,,,,
SD-CSI-14302,CSE,Small Commercial (< 10 kW) and All Residential,$0.20 per Watt EPBB,EPBB,Step 10,2571,85500,15.696,13.889,0.92567,12.857,Completed,,,Commercial,,Residential,Alpine,San Diego,CA,91901,9/6/2012,,9/7/2012,,,,,,,,,9/24/2012,,2/12/2013,2/26/2013,3/8/2013,,3/21/2013,,,,,"Solar West Electric, Inc.",911299,Solar Alliance of America,yes,SunPower,,,,,,,,,SPR-327NE-WHT-D,,,,,,,,,48,,,,,,,,,SunPower,,,,,,,,,,SPR-7000m (240V),,,,,,,,,,2,,,,,,,,,,Installed,Completed/PBI-In Payment,"SunPower Corporation, Systems (Richmond)",,180,17,Fixed Array,13.889,0,0,12.856,0,0,,,,,
SD-CSI-13944,CSE,Small Commercial (< 10 kW) and All Residential,"99.562% @ $0.20, 0.438% @ $0.00 per Watt EPBB",EPBB,"99.562% @ Step 10, 0.438% @ Unincentivized",1819,49995,10.464,9.211,0.99194,9.137,Completed,,,Commercial,,Residential,Alpine,San Diego,CA,91901,8/13/2012,,8/20/2012,,,,,,,,8/30/2012,9/10/2012,,3/4/2013,4/5/2013,4/10/2013,,4/22/2013,,,,,TMAG Industries dba Stellar Solar,749095,TMAG Industries dba Stellar Solar,yes,SunPower,,,,,,,,,SPR-327NE-WHT-D,,,,,,,,,32,,,,,,,,,SunPower,,,,,,,,,,SPR-10001f-240,,,,,,,,,,1,,,,,,,,,,Installed,Completed/PBI-In Payment,,,190,18,Fixed Array,9.211,0,0,9.137,0,0,,,,,
SD-CSI-01332,CSE,Small Commercial (< 10 kW) and All Residential,$2.20 per Watt EPBB,EPBB,Step 3,23135,91180,12.768,10.756,0.977669201,10.516,Completed,,,Residential,,Residential,Alpine,San Diego,CA,91901,7/28/2008,7/28/2008,7/29/2008,,,,,,,,7/29/2008,9/11/2008,12/30/2009,1/21/2010,,2/1/2010,,3/4/2010,,,,,REAL GOODS ENERGY TECH INC dba REAL GOODS SOLAR,840934,REAL GOODS ENERGY TECH INC dba REAL GOODS SOLAR,no,Sharp,,,,,,,,,ND-U224C1,,,,,,,,,57,,,,,,,,,SMA America,SMA America,,,,,,,,,SB6000US (240V),SB5000US (240V),,,,,,,,,1,1,,,,,,,,,Installed,Completed/PBI-In Payment,,,Multiple,23,Fixed Array,10.756,0,0,10.516,0,0,,,,,
SD-CSI-18063,CSE,Small Commercial (< 10 kW) and All Residential,$0.20 per Watt EPBB,EPBB,Step 10,1057,35868,6.54,5.817,0.90881,5.287,Completed,,,Residential,,Residential,Alpine,San Diego,CA,91901,10/31/2013,,11/4/2013,,,,,,,,,4/16/2014,,5/21/2014,,5/21/2014,,5/29/2014,,,,,CWD Loma Inc DBA California Premier Solar Construction,970445,CWD Loma Inc DBA California Premier Solar Construction,no,SunPower,,,,,,,,,SPR-327NE-WHT-D,,,,,,,,,20,,,,,,,,,Power-One,,,,,,,,,,PVI-6000-OUTD-US-A (240V),,,,,,,,,,1,,,,,,,,,,Installed,Completed/PBI-In Payment,,,280,26,Fixed Array,5.817,0,0,5.287,0,0,,,,,
SD-CSI-18116,CSE,Small Commercial (< 10 kW) and All Residential,$0.20 per Watt EPBB,EPBB,Step 10,1190,20400,7,6.08,0.97871,5.951,Completed,,,Residential,,Residential,Alpine,San Diego,CA,91901,8/10/2013,,11/6/2013,,,,,,,,4/23/2014,4/23/2014,,4/23/2014,,5/14/2014,,5/23/2014,,,,,* Self-Install (Same as Host Customer),,REXEL/ESD,no,Yingli Energy (China),,,,,,,,,YL250P-29b,,,,,,,,,28,,,,,,,,,Power-One,,,,,,,,,,MICRO-0.25-I-OUTD-US-208,,,,,,,,,,28,,,,,,,,,,Installed,Completed/PBI-In Payment,,,180,30,Fixed Array,6.08,0,0,5.951,0,0,,,,,
SD-CSI-10484,CSE,Small Commercial (< 10 kW) and All Residential,$0.25 per Watt EPBB,EPBB,Step 9a,602,27980,2.82,2.441,0.98654,2.408,Completed,,,Residential,,Residential,Alpine,San Diego,CA,91901,10/7/2011,,10/7/2011,,,,,,,,10/27/2011,10/28/2011,,11/18/2011,,12/2/2011,,12/13/2011,,,,,Galkos Construction Inc.,492715,Galkos Construction Inc.,no,Sharp,,,,,,,,,NU-Q235F4,,,,,,,,,12,,,,,,,,,Enphase Energy,,,,,,,,,,M215-60-SLL-S2x,,,,,,,,,,12,,,,,,,,,,Installed,Completed/PBI-In Payment,"Enphase Energy, Inc",,262,18,Fixed Array,2.441,0,0,2.408,0,0,,,,,
SD-CSI-02017,CSE,Small Commercial (< 10 kW) and All Residential,$1.90 per Watt EPBB,EPBB,Step 4,7456,38250,4.5,3.976,0.98703,3.924,Completed,,,Residential,,Residential,Alpine,San Diego,CA,91901,12/19/2008,12/19/2008,12/22/2008,,,,,,,,,12/22/2008,,3/18/2009,,4/2/2009,,4/23/2009,,,,,Mohr Power Solar,661434,Mohr Power Solar,no,SunPower,,,,,,,,,SPR-225-BLK-U,,,,,,,,,20,,,,,,,,,SunPower,,,,,,,,,,SPR-7000m (240V),,,,,,,,,,1,,,,,,,,,,Installed,Completed/PBI-In Payment,,,240,27,Fixed Array,3.976,0,0,3.925,0,0,,,,,
SD-CSI-17656,CSE,Small Commercial (< 10 kW) and All Residential,$0.20 per Watt EPBB,EPBB,Step 10,1706,44000,9.66,8.645,0.9866,8.529,Completed,,,Residential,,Residential,Alpine,San Diego,CA,91901,8/26/2013,,8/29/2013,,,,,,,,,1/14/2014,,1/18/2014,,3/11/2014,,3/25/2014,,,,,Cosmic Solar Inc.,831831,Cosmic Solar Inc.,no,SunPower,,,,,,,,,SPR-X21-345,,,,,,,,,28,,,,,,,,,SunPower,,,,,,,,,,SPR-5000m (240V),,,,,,,,,,2,,,,,,,,,,Installed,Completed/PBI-In Payment,,,260,23,Fixed Array,8.645,0,0,8.529,0,0,,,,,
SD-CSI-04178,CSE,Small Commercial (< 10 kW) and All Residential,$1.10 per Watt EPBB,EPBB,Step 6,1550,25712,1.728,1.409,1,1.409,Completed,,,Residential,,Residential,Alpine,San Diego,CA,91901,10/13/2009,10/14/2009,10/14/2009,,,,,,,,,11/2/2009,11/11/2009,11/16/2009,11/23/2009,12/9/2009,,1/27/2010,,,,,"Sungate Energy Solutions, Inc.",790709,"Sungate Energy Solutions, Inc.",no,Sharp,,,,,,,,,ND-216UC1,,,,,,,,,8,,,,,,,,,PV Powered,,,,,,,,,,PVP2000,,,,,,,,,,1,,,,,,,,,,Installed,Completed/PBI-In Payment,,,182,15,Fixed Array,1.409,0,0,1.409,0,0,,,,,
SD-CSI-20381,CSE,Small Commercial (< 10 kW) and All Residential,$0.20 per Watt EPBB,EPBB,Step 10,794,29500,5,4.375,0.90775,3.971,Confirmed Reservation,,,Commercial,,Residential,Alpine,San Diego,CA,91901,1/24/2014,,1/27/2014,,,,,,,,,12/17/2014,,,,,,,,,,,American Solar Direct,941069,American Solar Direct,yes,Renesola America,,,,,,,,,JC250M-24/Bx,,,,,,,,,20,,,,,,,,,Enphase Energy,,,,,,,,,,M215-60-2LL-S2X,,,,,,,,,,20,,,,,,,,,,Pending,Active,,,Multiple,24,Fixed Array,4.376,0,0,3.972,0,0,,,,,
SD-CSI-18958,CSE,Small Commercial (< 10 kW) and All Residential,$0.20 per Watt EPBB,EPBB,Step 10,435,13000,2.5,2.195,0.99171,2.177,Completed,,,Residential,,Residential,Alpine,San Diego,CA,91901,11/30/2013,,12/4/2013,,,,,,,,,7/29/2014,,8/6/2014,,8/14/2014,,8/20/2014,,,,,Rancho Solar Inc,926946,Rancho Solar Inc,no,Trina Solar,,,,,,,,,TSM-250PA05,,,,,,,,,10,,,,,,,,,SMA America,,,,,,,,,,SB2500HFUS-30 (240V),,,,,,,,,,1,,,,,,,,,,Installed,Completed/PBI-In Payment,,,270,18,Fixed Array,2.195,0,0,2.177,0,0,,,,,
SD-CSI-13889,CSE,Small Commercial (< 10 kW) and All Residential,$0.20 per Watt EPBB,EPBB,Step 10,514,17850,3.27,2.878,0.89269,2.569,Completed,,,Commercial,,Residential,Alpine,San Diego,CA,91901,8/13/2012,,8/15/2012,,,,,,,,,8/27/2012,,12/18/2012,,2/5/2013,,2/15/2013,,,,,"Solar West Electric, Inc.",911299,Solar Alliance of America,yes,SunPower,,,,,,,,,SPR-327NE-WHT-D,,,,,,,,,10,,,,,,,,,SunPower,,,,,,,,,,SPR-3000m (240V),,,,,,,,,,1,,,,,,,,,,Installed,Completed/PBI-In Payment,,,252,10,Fixed Array,2.878,0,0,2.569,0,0,,,,,
SD-CSI-18867,CSE,Small Commercial (< 10 kW) and All Residential,$0.20 per Watt EPBB,EPBB,Step 10,2426,55555,13.734,12.152,0.99831,12.131,Completed,,,Residential,,Residential,Alpine,San Diego,CA,91901,12/3/2013,,12/3/2013,,,,,,,,,7/18/2014,,7/29/2014,8/18/2014,8/19/2014,,8/29/2014,,,,,Home Energy Systems,800657,Home Energy Systems,no,SunPower,,,,,,,,,SPR-327NE-WHT-D,,,,,,,,,42,,,,,,,,,SunPower,,,,,,,,,,SPR-7000m (240V),,,,,,,,,,2,,,,,,,,,,Installed,Completed/PBI-In Payment,"SunPower Corporation, Systems (Richmond)",,210,23,Fixed Array,12.152,0,0,12.132,0,0,,,,,
SD-CSI-14062,CSE,Small Commercial (< 10 kW) and All Residential,$0.20 per Watt EPBB,EPBB,Step 10,563,17200,3.27,2.878,0.97828,2.815,Completed,,,Commercial,,Residential,Alpine,San Diego,CA,91901,7/13/2012,,8/27/2012,,,,,,,,,9/12/2012,,10/3/2012,,10/24/2012,,10/31/2012,,,,,"Solar West Electric, Inc.",911299,Solar Alliance of America,yes,SunPower,,,,,,,,,SPR-327NE-WHT-D,,,,,,,,,10,,,,,,,,,SunPower,,,,,,,,,,SPR-3000m (240V),,,,,,,,,,1,,,,,,,,,,Installed,Completed/PBI-In Payment,,,186,21,Fixed Array,2.878,0,0,2.816,0,0,,,,,
SD-CSI-18761,CSE,Small Commercial (< 10 kW) and All Residential,$0.20 per Watt EPBB,EPBB,Step 10,1842,54785,10.464,9.211,0.99978,9.209,Completed,,,Residential,,Residential,Alpine,San Diego,CA,91901,11/19/2013,,12/2/2013,,,,,,,,7/3/2014,7/10/2014,,7/14/2014,,7/31/2014,,8/12/2014,,,,,SUNCRAFT SOLAR INC,937984,SUNCRAFT SOLAR INC,no,SunPower,,,,,,,,,SPR-327NE-WHT-D,,,,,,,,,32,,,,,,,,,SunPower,,,,,,,,,,SPR-10000f-240,,,,,,,,,,1,,,,,,,,,,Installed,Completed/PBI-In Payment,"SunPower Corporation, Systems (Richmond)",,180,18,Fixed Array,9.211,0,0,9.209,0,0,,,,,
SD-CSI-17972,CSE,Small Commercial (< 10 kW) and All Residential,$0.20 per Watt EPBB,EPBB,Step 10,791,24520,4.59,3.956,0.99951,3.954,Completed,,,Residential,,Residential,Alpine,San Diego,CA,91901,10/30/2013,,10/30/2013,,,,,,,,,4/2/2014,,4/3/2014,5/6/2014,5/6/2014,,5/20/2014,,,,,"Solare Energy, Inc.",941109,"Solare Energy, Inc.",no,SolarWorld,,,,,,,,,SW 270 Mono,,,,,,,,,17,,,,,,,,,Enphase Energy,,,,,,,,,,M215-60-2LL-S2X,,,,,,,,,,17,,,,,,,,,,Installed,Completed/PBI-In Payment,"Enphase Energy, Inc",,210,17,Fixed Array,3.956,0,0,3.954,0,0,,,,,
SD-CSI-13838,CSE,Small Commercial (< 10 kW) and All Residential,$0.20 per Watt EPBB,EPBB,Step 10,1774,47558,10.29,8.882,0.99867,8.87,Completed,,,Residential,,Residential,Alpine,San Diego,CA,91901,8/2/2012,,8/13/2012,,,,,,,,8/23/2012,8/23/2012,,9/11/2012,,9/25/2012,,10/4/2012,,,,,Clary Solar,924404,Clary Solar,no,Schuco USA,,,,,,,,,MPE 245 PS 08,,,,,,,,,42,,,,,,,,,Enphase Energy,,,,,,,,,,M215-60-2LL-S2X,,,,,,,,,,42,,,,,,,,,,Installed,Completed/PBI-In Payment,,,240,13,Fixed Array,8.882,0,0,8.871,0,0,,,,,
SD-CSI-19788,CSE,Small Commercial (< 10 kW) and All Residential,$0.20 per Watt EPBB,EPBB,Step 10,487,14400,3,2.621,0.92827,2.433,Completed,,,Commercial,,Residential,Alpine,San Diego,CA,91901,1/2/2014,,1/2/2014,,,,,,,,,9/22/2014,,9/30/2014,,10/22/2014,,11/5/2014,,,,,SolarCity,888104,SolarCity,yes,Trina Solar,,,,,,,,,TSM-250PA05.18,,,,,,,,,12,,,,,,,,,Power-One,,,,,,,,,,PVI-3.0-OUTD-S-US-A (240V),,,,,,,,,,1,,,,,,,,,,Installed,Completed/PBI-In Payment,SolarCity,,130,18,Fixed Array,2.621,0,0,2.433,0,0,,,,,
SD-CSI-20370,CSE,Small Commercial (< 10 kW) and All Residential,$0.20 per Watt EPBB,EPBB,Step 10,890,24255,5.415,4.784,0.92995,4.449,Completed,,,Residential,,Residential,Alpine,San Diego,CA,91901,1/22/2014,,1/25/2014,,,,,,,,,12/16/2014,,4/10/2015,,4/16/2015,,4/24/2015,,,,,Baker Electric Solar,858088,Baker Electric Solar,no,LG Electronics Solar Cell Division,,,,,,,,,LG285N1C-G3,,,,,,,,,19,,,,,,,,,Enphase Energy,,,,,,,,,,M215-60-2LL-S2X,,,,,,,,,,19,,,,,,,,,,Installed,Completed/PBI-In Payment,"Enphase Energy, Inc",,190,18,Fixed Array,4.784,0,0,4.449,0,0,,,,,
SD-CSI-19873,CSE,Small Commercial (< 10 kW) and All Residential,$0.20 per Watt EPBB,EPBB,Step 10,2044,59596,12.19,10.43,0.97986,10.22,Completed,,,Residential,,Residential,Alpine,San Diego,CA,91901,12/17/2013,,1/6/2014,,,,,,,,,9/26/2014,,9/30/2014,12/17/2014,12/18/2014,,1/15/2015,,,,,Independent Energy Solutions Inc.,805159,Independent Energy Solutions Inc.,no,SolarWorld,,,,,,,,,SW265 Mono,,,,,,,,,46,,,,,,,,,Enphase Energy,,,,,,,,,,M215-60-2LL-S2X,,,,,,,,,,46,,,,,,,,,,Installed,Completed/PBI-In Payment,"Enphase Energy, Inc",,Multiple,Multiple,Fixed Array,10.431,0,0,10.22,0,0,,,,,
SD-CSI-20532,CSE,Small Commercial (< 10 kW) and All Residential,$0.20 per Watt EPBB,EPBB,Step 10,1242,31103,7.14,6.212,0.99968,6.21,Completed,,,Residential,,Residential,Alpine,San Diego,CA,91901,1/15/2014,,1/30/2014,,,,,,,,,1/26/2015,,2/14/2015,,4/3/2015,,4/15/2015,,,,,Green America Construction,954862,Green America Construction,no,LG Electronics Solar Cell Division,,,,,,,,,LG255S1C-A3,,,,,,,,,28,,,,,,,,,Enphase Energy,,,,,,,,,,M215-60-2LL-S2X,,,,,,,,,,28,,,,,,,,,,Installed,Completed/PBI-In Payment,"Enphase Energy, Inc",,180,15,Fixed Array,6.212,0,0,6.21,0,0,,,,,
SD-CSI-13355,CSE,Small Commercial (< 10 kW) and All Residential,$0.20 per Watt EPBB,EPBB,Step 10,2024,19704,11.7,10.13,0.99922,10.122,Completed,,,Commercial,,Residential,Alpine,San Diego,CA,91901,6/29/2012,,7/9/2012,,,,,,,,7/24/2012,8/6/2012,,1/30/2013,2/19/2013,2/21/2013,,3/13/2013,,,,,BUILT GREEN CALIFORNIA INC,955192,BUILT GREEN CALIFORNIA INC,yes,Phono Solar Technology,,,,,,,,,PS225P-20/U,,,,,,,,,52,,,,,,,,,SMA America,,,,,,,,,,SB5000US (240V),,,,,,,,,,2,,,,,,,,,,Installed,Completed/PBI-In Payment,"Locus Energy, LLC",,234,15,Fixed Array,10.131,0,0,10.123,0,0,,,,,
SD-CSI-20863,CSE,Small Commercial (< 10 kW) and All Residential,$0.20 per Watt EPBB,EPBB,Step 10,1563,35955,9.36,8.149,0.95901,7.815,Completed,,,Residential,,Residential,Alpine,San Diego,CA,91901,1/28/2014,,2/11/2014,,,,,,,,,2/12/2015,,3/3/2015,,4/14/2015,,4/24/2015,,,,,Green America Construction,954862,Green America Construction,no,LG Electronics Solar Cell Division,,,,,,,,,LG260S1C-A3,,,,,,,,,36,,,,,,,,,Enphase Energy,,,,,,,,,,M215-60-2LL-S2X,,,,,,,,,,36,,,,,,,,,,Installed,Completed/PBI-In Payment,"Enphase Energy, Inc",,150,25,Fixed Array,8.149,0,0,7.815,0,0,,,,,
SD-CSI-20945,CSE,Small Commercial (< 10 kW) and All Residential,"94.986% @ $0.20, 5.014% @ $0.00 per Watt EPBB",EPBB,"94.986% @ Step 10, 5.014% @ Unincentivized",1330,45964,9.6,7.916,0.88438,7.001,Completed,,,Residential,,Residential,Alpine,San Diego,CA,91901,8/7/2013,,2/13/2014,,,,,,,,,2/17/2015,,2/18/2015,,3/20/2015,,3/25/2015,,,,,Suacci Solar,637549,Suacci Solar,no,Lightway Green New Energy,,,,,,,,,LW240(29)P1650x990,,,,,,,,,40,,,,,,,,,i-Energy Corporation,,,,,,,,,,GT260,,,,,,,,,,40,,,,,,,,,,Installed,Completed/PBI-In Payment,"Enphase Energy, Inc",,180,30,Fixed Array,7.916,0,0,7,0,0,,,,,
SD-CSI-16119,CSE,Small Commercial (< 10 kW) and All Residential,$0.20 per Watt EPBB,EPBB,Step 10,1400,48300,9.6,8.368,0.83624,6.998,Completed,,,Residential,,Residential,Alpine,San Diego,CA,91901,12/21/2012,,12/26/2012,,,,,,,,,1/23/2013,,2/8/2013,,2/22/2013,,3/13/2013,,,,,"Solar West Electric, Inc.",911299,Solar Alliance of America,no,Phono Solar Technology,,,,,,,,,PS240P-20/U,,,,,,,,,40,,,,,,,,,SMA America,,,,,,,,,,SB3800US (240V),,,,,,,,,,2,,,,,,,,,,Installed,Completed/PBI-In Payment,,,Multiple,Multiple,Fixed Array,8.367,0,0,6.997,0,0,,,,,
SD-CSI-15230,CSE,Small Commercial (< 10 kW) and All Residential,$0.20 per Watt EPBB,EPBB,Step 10,1540,42330,9.156,8.102,0.95052,7.701,Completed,,,Commercial,,Residential,Alpine,San Diego,CA,91901,10/19/2012,,10/23/2012,,,,,,,,,11/16/2012,,4/23/2013,,5/21/2013,,5/30/2013,,,,,"Solar West Electric, Inc.",911299,Solar Alliance of America,yes,SunPower,,,,,,,,,SPR-327NE-WHT-D,,,,,,,,,28,,,,,,,,,SunPower,,,,,,,,,,SPR-8000m (240V),,,,,,,,,,1,,,,,,,,,,Installed,Completed/PBI-In Payment,,,182,14,Fixed Array,8.102,0,0,7.701,0,0,,,,,
SD-CSI-16889,CSE,Small Commercial (< 10 kW) and All Residential,$0.20 per Watt EPBB,EPBB,Step 10,806,27400,5.46,4.74,0.85048,4.031,Completed,,,Residential,,Residential,Alpine,San Diego,CA,91901,2/8/2013,,2/19/2013,,,,,,,,,11/14/2013,,1/31/2014,3/26/2014,4/3/2014,,4/15/2014,,,,,Natural Energy,481870,Natural Energy,no,SolarWorld,,,,,,,,,SW260 Mono,,,,,,,,,21,,,,,,,,,Enphase Energy,,,,,,,,,,M215-60-2LL-S2X,,,,,,,,,,21,,,,,,,,,,Installed,Completed/PBI-In Payment,,,98,14,Fixed Array,4.74,0,0,4.031,0,0,,,,,
SD-CSI-15852,CSE,Small Commercial (< 10 kW) and All Residential,"99.192% @ $0.20, 0.808% @ $0.00 per Watt EPBB",EPBB,"99.192% @ Step 10, 0.808% @ Unincentivized",663,19500,3.9,3.385,0.98671,3.34,Completed,,,Residential,,Residential,Alpine,San Diego,CA,91901,12/6/2012,,12/6/2012,,,,,,,,,12/27/2012,,9/23/2013,,10/3/2013,,10/14/2013,,,,,Natural Energy,481870,Natural Energy,no,SolarWorld,,,,,,,,,SW260 Mono,,,,,,,,,15,,,,,,,,,Enphase Energy,,,,,,,,,,M215-60-2LL-S2X,,,,,,,,,,15,,,,,,,,,,Installed,Completed/PBI-In Payment,,,198,20,Fixed Array,3.385,0,0,3.34,0,0,,,,,
